{"cameraMode":{"drawMode":0,"name":"Shaded","section":"Shading Mode"},"sceneLighting":true,"audioPlay":false,"sceneViewState":{"m_AlwaysRefresh":false,"showFog":true,"showSkybox":false,"showFlares":true,"showImageEffects":true,"showParticleSystems":true,"showVisualEffectGraphs":true,"m_FxEnabled":true},"in2DMode":false,"pivot":{"x":-4.519999980926514,"y":1.0199999809265137,"z":-1.1699999570846558},"rotation":{"x":0.22760556638240815,"y":-0.6658675074577332,"z":0.22506506741046906,"w":0.6739920973777771},"size":0.5011313557624817,"orthographic":false}