{"cameraMode":{"drawMode":0,"name":"Shaded","section":"Shading Mode"},"sceneLighting":true,"audioPlay":false,"sceneViewState":{"m_AlwaysRefresh":false,"showFog":true,"showSkybox":true,"showFlares":true,"showImageEffects":true,"showParticleSystems":true,"showVisualEffectGraphs":true,"m_FxEnabled":true},"in2DMode":false,"pivot":{"x":6.284936428070068,"y":3.6854054927825929,"z":-7.045745372772217},"rotation":{"x":-0.01018991693854332,"y":0.9645876884460449,"z":-0.03795696422457695,"w":-0.2610614597797394},"size":0.08970293402671814,"orthographic":false}