{"cameraMode":{"drawMode":0,"name":"Shaded","section":"Shading Mode"},"sceneLighting":true,"audioPlay":false,"sceneViewState":{"m_AlwaysRefresh":false,"showFog":true,"showSkybox":true,"showFlares":true,"showImageEffects":true,"showParticleSystems":true,"showVisualEffectGraphs":true,"m_FxEnabled":true},"in2DMode":false,"pivot":{"x":-57.652801513671878,"y":9.584348678588868,"z":34.811588287353519},"rotation":{"x":0.16408634185791017,"y":-0.2673533856868744,"z":0.0462770089507103,"w":0.9484900236129761},"size":59.001461029052737,"orthographic":false}